Pclass,Type,SibSp,Parch,Fare,Embarked,Survived
THREE,adult-male,1,0,'\'(-inf-15.65]\'',S,FALSE
ONE,female,1,0,'\'(15.65-inf)\'',C,TRUE
THREE,female,0,0,'\'(-inf-15.65]\'',S,TRUE
ONE,female,1,0,'\'(15.65-inf)\'',S,TRUE
THREE,adult-male,0,0,'\'(-inf-15.65]\'',S,FALSE
THREE,adult-male,0,0,'\'(-inf-15.65]\'',Q,FALSE
ONE,adult-male,0,0,'\'(15.65-inf)\'',S,FALSE
THREE,child,3,1,'\'(-inf-15.65]\'',S,FALSE
THREE,female,0,2,'\'(-inf-15.65]\'',S,TRUE
TWO,child,1,0,'\'(-inf-15.65]\'',C,TRUE
THREE,child,1,1,'\'(-inf-15.65]\'',S,TRUE
ONE,female,0,0,'\'(15.65-inf)\'',S,TRUE
THREE,adult-male,0,0,'\'(-inf-15.65]\'',S,FALSE
THREE,adult-male,1,5,'\'(-inf-15.65]\'',S,FALSE
THREE,child,0,0,'\'(-inf-15.65]\'',S,FALSE
TWO,female,0,0,'\'(15.65-inf)\'',S,TRUE
THREE,child,4,1,'\'(-inf-15.65]\'',Q,FALSE
TWO,adult-male,0,0,'\'(-inf-15.65]\'',S,TRUE
THREE,female,1,0,'\'(15.65-inf)\'',S,FALSE
THREE,female,0,0,'\'(-inf-15.65]\'',C,TRUE
TWO,adult-male,0,0,'\'(-inf-15.65]\'',S,FALSE
TWO,adult-male,0,0,'\'(-inf-15.65]\'',S,TRUE
THREE,child,0,0,'\'(-inf-15.65]\'',Q,TRUE
ONE,adult-male,0,0,'\'(15.65-inf)\'',S,TRUE
THREE,child,3,1,'\'(-inf-15.65]\'',S,FALSE
THREE,female,1,5,'\'(-inf-15.65]\'',S,TRUE
THREE,adult-male,0,0,'\'(-inf-15.65]\'',C,FALSE
ONE,adult-male,3,2,'\'(15.65-inf)\'',S,FALSE
THREE,female,0,0,'\'(-inf-15.65]\'',Q,TRUE
THREE,adult-male,0,0,'\'(-inf-15.65]\'',S,FALSE
ONE,adult-male,0,0,'\'(15.65-inf)\'',C,FALSE
ONE,female,1,0,'\'(15.65-inf)\'',C,TRUE
THREE,female,0,0,'\'(-inf-15.65]\'',Q,TRUE
TWO,adult-male,0,0,'\'(-inf-15.65]\'',S,FALSE
ONE,adult-male,1,0,'\'(15.65-inf)\'',C,FALSE
ONE,adult-male,1,0,'\'(15.65-inf)\'',S,FALSE
THREE,adult-male,0,0,'\'(-inf-15.65]\'',C,TRUE
THREE,adult-male,0,0,'\'(-inf-15.65]\'',S,FALSE
THREE,female,2,0,'\'(-inf-15.65]\'',S,FALSE
THREE,child,1,0,'\'(-inf-15.65]\'',C,TRUE
THREE,female,1,0,'\'(-inf-15.65]\'',S,FALSE
TWO,female,1,0,'\'(-inf-15.65]\'',S,FALSE
THREE,adult-male,0,0,'\'(-inf-15.65]\'',C,FALSE
TWO,child,1,2,'\'(-inf-15.65]\'',C,TRUE
THREE,female,0,0,'\'(-inf-15.65]\'',Q,TRUE
THREE,adult-male,0,0,'\'(-inf-15.65]\'',S,FALSE
THREE,adult-male,1,0,'\'(-inf-15.65]\'',Q,FALSE
THREE,female,0,0,'\'(-inf-15.65]\'',Q,TRUE
THREE,adult-male,2,0,'\'(15.65-inf)\'',C,FALSE
THREE,female,1,0,'\'(-inf-15.65]\'',S,FALSE
THREE,child,4,1,'\'(-inf-15.65]\'',S,FALSE
THREE,adult-male,0,0,'\'(-inf-15.65]\'',S,FALSE
ONE,female,1,0,'\'(15.65-inf)\'',C,TRUE
TWO,female,1,0,'\'(15.65-inf)\'',S,TRUE
ONE,adult-male,0,1,'\'(15.65-inf)\'',C,FALSE
ONE,adult-male,0,0,'\'(15.65-inf)\'',S,TRUE
TWO,female,0,0,'\'(-inf-15.65]\'',S,TRUE
THREE,adult-male,0,0,'\'(-inf-15.65]\'',C,FALSE
TWO,child,1,2,'\'(-inf-15.65]\'',S,TRUE
THREE,child,5,2,'\'(-inf-15.65]\'',S,FALSE
THREE,adult-male,0,0,'\'(-inf-15.65]\'',C,FALSE
ONE,female,0,0,'\'(15.65-inf)\'',,TRUE
ONE,adult-male,1,0,'\'(15.65-inf)\'',S,FALSE
THREE,child,3,2,'\'(-inf-15.65]\'',S,FALSE
ONE,adult-male,0,0,'\'(15.65-inf)\'',C,FALSE
THREE,child,1,1,'\'(-inf-15.65]\'',C,TRUE
TWO,female,0,0,'\'(-inf-15.65]\'',S,TRUE
THREE,adult-male,0,0,'\'(-inf-15.65]\'',S,FALSE
THREE,female,4,2,'\'(-inf-15.65]\'',S,TRUE
THREE,adult-male,2,0,'\'(-inf-15.65]\'',S,FALSE
TWO,adult-male,0,0,'\'(-inf-15.65]\'',S,FALSE
THREE,female,5,2,'\'(-inf-15.65]\'',S,FALSE
TWO,adult-male,0,0,'\'(-inf-15.65]\'',S,FALSE
THREE,adult-male,1,0,'\'(-inf-15.65]\'',C,FALSE
THREE,adult-male,0,0,'\'(-inf-15.65]\'',S,TRUE
THREE,adult-male,0,0,'\'(-inf-15.65]\'',S,FALSE
THREE,adult-male,0,0,'\'(-inf-15.65]\'',S,FALSE
THREE,adult-male,0,0,'\'(-inf-15.65]\'',S,FALSE
TWO,newborn,0,2,'\'(-inf-15.65]\'',S,TRUE
THREE,female,0,0,'\'(-inf-15.65]\'',S,TRUE
THREE,adult-male,0,0,'\'(-inf-15.65]\'',S,FALSE
THREE,adult-male,0,0,'\'(-inf-15.65]\'',S,TRUE
THREE,female,0,0,'\'(-inf-15.65]\'',Q,TRUE
ONE,adult-male,0,0,'\'(15.65-inf)\'',S,FALSE
TWO,female,0,0,'\'(-inf-15.65]\'',S,TRUE
THREE,female,3,0,'\'(-inf-15.65]\'',S,TRUE
THREE,adult-male,1,3,'\'(-inf-15.65]\'',S,FALSE
THREE,adult-male,0,0,'\'(-inf-15.65]\'',S,FALSE
ONE,female,3,2,'\'(15.65-inf)\'',S,TRUE
THREE,adult-male,0,0,'\'(-inf-15.65]\'',S,FALSE
THREE,adult-male,0,0,'\'(-inf-15.65]\'',S,FALSE
THREE,adult-male,0,0,'\'(-inf-15.65]\'',S,FALSE
ONE,adult-male,1,0,'\'(15.65-inf)\'',S,FALSE
THREE,adult-male,1,2,'\'(-inf-15.65]\'',S,FALSE
THREE,adult-male,0,0,'\'(-inf-15.65]\'',S,FALSE
THREE,adult-male,0,0,'\'(-inf-15.65]\'',S,FALSE
ONE,adult-male,0,0,'\'(15.65-inf)\'',C,FALSE
ONE,adult-male,0,1,'\'(15.65-inf)\'',C,TRUE
TWO,female,0,1,'\'(-inf-15.65]\'',S,TRUE
TWO,adult-male,1,0,'\'(-inf-15.65]\'',S,FALSE
THREE,female,0,0,'\'(-inf-15.65]\'',S,FALSE
THREE,adult-male,0,0,'\'(-inf-15.65]\'',S,FALSE
ONE,adult-male,0,1,'\'(15.65-inf)\'',S,FALSE
THREE,adult-male,0,0,'\'(-inf-15.65]\'',S,FALSE
THREE,adult-male,2,0,'\'(-inf-15.65]\'',S,FALSE
THREE,adult-male,0,0,'\'(-inf-15.65]\'',S,FALSE
THREE,female,0,0,'\'(-inf-15.65]\'',S,TRUE
THREE,adult-male,0,0,'\'(-inf-15.65]\'',S,TRUE
THREE,adult-male,0,0,'\'(-inf-15.65]\'',S,FALSE
THREE,female,1,0,'\'(-inf-15.65]\'',Q,TRUE
ONE,adult-male,0,0,'\'(15.65-inf)\'',S,FALSE
THREE,child,1,0,'\'(-inf-15.65]\'',C,FALSE
THREE,adult-male,0,0,'\'(-inf-15.65]\'',S,FALSE
THREE,female,1,0,'\'(-inf-15.65]\'',S,FALSE
THREE,female,0,0,'\'(-inf-15.65]\'',C,FALSE
THREE,adult-male,0,0,'\'(-inf-15.65]\'',S,FALSE
THREE,adult-male,0,0,'\'(-inf-15.65]\'',Q,FALSE
TWO,adult-male,1,0,'\'(-inf-15.65]\'',S,FALSE
ONE,adult-male,0,1,'\'(15.65-inf)\'',C,FALSE
THREE,child,4,2,'\'(-inf-15.65]\'',S,FALSE
TWO,adult-male,2,0,'\'(-inf-15.65]\'',S,FALSE
THREE,adult-male,0,0,'\'(-inf-15.65]\'',S,FALSE
TWO,adult-male,1,0,'\'(-inf-15.65]\'',C,FALSE
TWO,female,0,0,'\'(-inf-15.65]\'',S,TRUE
ONE,adult-male,0,1,'\'(15.65-inf)\'',S,FALSE
THREE,child,1,0,'\'(-inf-15.65]\'',C,TRUE
THREE,adult-male,0,0,'\'(-inf-15.65]\'',Q,FALSE
THREE,adult-male,0,0,'\'(-inf-15.65]\'',S,TRUE
THREE,female,1,1,'\'(-inf-15.65]\'',C,TRUE
THREE,adult-male,0,0,'\'(-inf-15.65]\'',S,FALSE
THREE,adult-male,0,0,'\'(-inf-15.65]\'',C,FALSE
THREE,adult-male,0,0,'\'(-inf-15.65]\'',S,FALSE
THREE,female,1,0,'\'(-inf-15.65]\'',S,FALSE
TWO,female,1,0,'\'(15.65-inf)\'',S,TRUE
TWO,adult-male,0,0,'\'(-inf-15.65]\'',S,FALSE
TWO,adult-male,0,0,'\'(-inf-15.65]\'',C,FALSE
ONE,female,0,2,'\'(15.65-inf)\'',S,TRUE
ONE,adult-male,1,0,'\'(15.65-inf)\'',S,FALSE
THREE,adult-male,0,0,'\'(-inf-15.65]\'',S,FALSE
ONE,adult-male,0,0,'\'(15.65-inf)\'',C,FALSE
THREE,female,0,2,'\'(-inf-15.65]\'',C,FALSE
THREE,female,0,0,'\'(-inf-15.65]\'',S,TRUE
THREE,female,1,0,'\'(-inf-15.65]\'',S,TRUE
THREE,adult-male,0,0,'\'(-inf-15.65]\'',Q,FALSE
TWO,adult-male,0,0,'\'(-inf-15.65]\'',S,FALSE
TWO,adult-male,1,1,'\'(15.65-inf)\'',S,FALSE
THREE,adult-male,0,0,'\'(-inf-15.65]\'',S,TRUE
THREE,child,2,2,'\'(-inf-15.65]\'',S,FALSE
TWO,adult-male,0,2,'\'(-inf-15.65]\'',S,FALSE
TWO,adult-male,0,0,'\'(-inf-15.65]\'',S,FALSE
TWO,adult-male,0,0,'\'(-inf-15.65]\'',S,FALSE
ONE,female,1,0,'\'(15.65-inf)\'',S,TRUE
THREE,adult-male,0,0,'\'(-inf-15.65]\'',S,FALSE
THREE,adult-male,0,2,'\'(-inf-15.65]\'',S,FALSE
THREE,adult-male,0,0,'\'(-inf-15.65]\'',S,FALSE
ONE,adult-male,0,1,'\'(15.65-inf)\'',C,FALSE
THREE,female,0,0,'\'(-inf-15.65]\'',Q,TRUE
THREE,adult-male,0,0,'\'(-inf-15.65]\'',S,FALSE
THREE,adult-male,0,0,'\'(-inf-15.65]\'',S,FALSE
THREE,child,8,2,'\'(-inf-15.65]\'',S,FALSE
THREE,adult-male,0,1,'\'(15.65-inf)\'',S,FALSE
TWO,female,0,0,'\'(15.65-inf)\'',S,TRUE
THREE,adult-male,0,0,'\'(-inf-15.65]\'',S,FALSE
THREE,adult-male,0,0,'\'(-inf-15.65]\'',S,FALSE
THREE,child,4,1,'\'(-inf-15.65]\'',S,FALSE
THREE,child,0,2,'\'(-inf-15.65]\'',S,TRUE
ONE,female,0,1,'\'(15.65-inf)\'',S,TRUE
THREE,female,1,4,'\'(-inf-15.65]\'',S,FALSE
ONE,adult-male,0,0,'\'(15.65-inf)\'',S,FALSE
THREE,adult-male,0,0,'\'(-inf-15.65]\'',S,FALSE
ONE,adult-male,0,0,'\'(15.65-inf)\'',S,FALSE
THREE,child,4,1,'\'(-inf-15.65]\'',Q,FALSE
THREE,child,1,1,'\'(-inf-15.65]\'',S,TRUE
THREE,adult-male,0,0,'\'(-inf-15.65]\'',S,FALSE
ONE,adult-male,0,0,'\'(15.65-inf)\'',C,FALSE
THREE,adult-male,1,1,'\'(-inf-15.65]\'',S,FALSE
THREE,child,3,1,'\'(-inf-15.65]\'',S,FALSE
ONE,female,0,0,'\'(15.65-inf)\'',C,FALSE
TWO,adult-male,0,0,'\'(-inf-15.65]\'',S,FALSE
THREE,adult-male,0,0,'\'(-inf-15.65]\'',S,FALSE
THREE,female,8,2,'\'(-inf-15.65]\'',S,FALSE
TWO,adult-male,0,0,'\'(-inf-15.65]\'',C,FALSE
THREE,child,4,2,'\'(-inf-15.65]\'',S,FALSE
TWO,child,2,1,'\'(15.65-inf)\'',S,TRUE
THREE,child,0,2,'\'(15.65-inf)\'',S,TRUE
ONE,adult-male,0,0,'\'(15.65-inf)\'',S,FALSE
THREE,female,1,0,'\'(-inf-15.65]\'',Q,TRUE
ONE,adult-male,0,0,'\'(15.65-inf)\'',S,TRUE
THREE,adult-male,1,1,'\'(-inf-15.65]\'',Q,FALSE
THREE,adult-male,0,0,'\'(-inf-15.65]\'',S,FALSE
TWO,female,0,0,'\'(-inf-15.65]\'',S,TRUE
TWO,adult-male,0,0,'\'(-inf-15.65]\'',S,FALSE
THREE,female,1,0,'\'(-inf-15.65]\'',S,TRUE
TWO,child,1,1,'\'(-inf-15.65]\'',S,TRUE
ONE,female,0,0,'\'(15.65-inf)\'',C,TRUE
ONE,female,0,0,'\'(15.65-inf)\'',C,TRUE
THREE,adult-male,0,0,'\'(-inf-15.65]\'',Q,FALSE
THREE,adult-male,0,1,'\'(-inf-15.65]\'',S,FALSE
THREE,female,0,0,'\'(-inf-15.65]\'',Q,TRUE
TWO,female,0,0,'\'(-inf-15.65]\'',S,FALSE
THREE,adult-male,0,0,'\'(-inf-15.65]\'',S,FALSE
THREE,adult-male,8,2,'\'(-inf-15.65]\'',S,FALSE
THREE,adult-male,0,0,'\'(-inf-15.65]\'',S,FALSE
THREE,adult-male,0,0,'\'(-inf-15.65]\'',C,FALSE
THREE,adult-male,0,0,'\'(-inf-15.65]\'',S,TRUE
THREE,child,0,1,'\'(-inf-15.65]\'',S,FALSE
THREE,adult-male,1,0,'\'(-inf-15.65]\'',S,FALSE
THREE,adult-male,0,0,'\'(-inf-15.65]\'',C,TRUE
THREE,female,0,0,'\'(-inf-15.65]\'',Q,TRUE
ONE,adult-male,0,0,'\'(15.65-inf)\'',C,TRUE
THREE,adult-male,0,0,'\'(-inf-15.65]\'',S,FALSE
TWO,female,0,0,'\'(15.65-inf)\'',S,TRUE
THREE,adult-male,0,0,'\'(-inf-15.65]\'',S,FALSE
TWO,adult-male,0,0,'\'(-inf-15.65]\'',S,FALSE
THREE,adult-male,1,0,'\'(-inf-15.65]\'',Q,FALSE
ONE,female,1,0,'\'(15.65-inf)\'',C,TRUE
THREE,female,0,0,'\'(-inf-15.65]\'',S,TRUE
TWO,adult-male,1,0,'\'(-inf-15.65]\'',S,FALSE
ONE,female,0,0,'\'(15.65-inf)\'',C,TRUE
TWO,adult-male,0,0,'\'(-inf-15.65]\'',S,FALSE
THREE,adult-male,0,0,'\'(-inf-15.65]\'',S,TRUE
TWO,adult-male,0,0,'\'(-inf-15.65]\'',S,FALSE
THREE,adult-male,0,0,'\'(-inf-15.65]\'',S,FALSE
THREE,adult-male,0,0,'\'(-inf-15.65]\'',S,FALSE
ONE,adult-male,1,0,'\'(15.65-inf)\'',S,TRUE
THREE,adult-male,0,0,'\'(-inf-15.65]\'',S,FALSE
TWO,adult-male,0,0,'\'(-inf-15.65]\'',S,TRUE
THREE,adult-male,0,0,'\'(-inf-15.65]\'',S,FALSE
TWO,adult-male,0,0,'\'(-inf-15.65]\'',S,FALSE
THREE,female,3,1,'\'(-inf-15.65]\'',S,FALSE
ONE,female,1,0,'\'(15.65-inf)\'',S,TRUE
THREE,adult-male,0,0,'\'(-inf-15.65]\'',S,FALSE
TWO,adult-male,0,0,'\'(-inf-15.65]\'',S,FALSE
THREE,child,4,2,'\'(-inf-15.65]\'',S,TRUE
TWO,adult-male,0,0,'\'(-inf-15.65]\'',S,FALSE
THREE,female,0,0,'\'(-inf-15.65]\'',S,FALSE
TWO,adult-male,1,0,'\'(15.65-inf)\'',S,FALSE
TWO,child,0,2,'\'(-inf-15.65]\'',S,TRUE
TWO,adult-male,0,0,'\'(-inf-15.65]\'',S,FALSE
TWO,adult-male,0,0,'\'(-inf-15.65]\'',S,FALSE
THREE,female,1,0,'\'(-inf-15.65]\'',C,FALSE
THREE,female,1,0,'\'(-inf-15.65]\'',Q,TRUE
TWO,adult-male,0,0,'\'(-inf-15.65]\'',S,FALSE
THREE,adult-male,0,0,'\'(-inf-15.65]\'',S,FALSE
THREE,adult-male,0,0,'\'(-inf-15.65]\'',C,FALSE
ONE,adult-male,2,0,'\'(15.65-inf)\'',Q,FALSE
THREE,female,0,0,'\'(-inf-15.65]\'',S,FALSE
TWO,female,0,2,'\'(-inf-15.65]\'',S,TRUE
ONE,adult-male,1,1,'\'(15.65-inf)\'',S,TRUE
TWO,adult-male,1,0,'\'(-inf-15.65]\'',S,FALSE
THREE,adult-male,0,0,'\'(-inf-15.65]\'',S,FALSE
THREE,female,1,1,'\'(-inf-15.65]\'',S,FALSE
ONE,adult-male,0,0,'\'(15.65-inf)\'',S,FALSE
THREE,adult-male,1,0,'\'(-inf-15.65]\'',S,FALSE
THREE,female,0,2,'\'(-inf-15.65]\'',S,FALSE
THREE,female,0,2,'\'(-inf-15.65]\'',C,TRUE
ONE,female,0,0,'\'(15.65-inf)\'',C,TRUE
ONE,female,0,0,'\'(15.65-inf)\'',S,TRUE
ONE,female,0,0,'\'(15.65-inf)\'',C,TRUE
TWO,female,0,1,'\'(-inf-15.65]\'',S,TRUE
THREE,adult-male,0,0,'\'(-inf-15.65]\'',Q,FALSE
THREE,child,4,2,'\'(-inf-15.65]\'',S,TRUE
ONE,adult-male,1,1,'\'(15.65-inf)\'',S,FALSE
ONE,adult-male,0,0,'\'(-inf-15.65]\'',S,FALSE
THREE,female,0,0,'\'(-inf-15.65]\'',Q,FALSE
TWO,adult-male,0,0,'\'(-inf-15.65]\'',S,FALSE
THREE,adult-male,4,1,'\'(-inf-15.65]\'',S,FALSE
THREE,adult-male,1,0,'\'(-inf-15.65]\'',S,TRUE
ONE,female,0,1,'\'(15.65-inf)\'',S,TRUE
ONE,female,0,0,'\'(15.65-inf)\'',S,TRUE
ONE,adult-male,0,0,'\'(-inf-15.65]\'',S,FALSE
THREE,adult-male,0,0,'\'(-inf-15.65]\'',S,TRUE
TWO,female,0,1,'\'(-inf-15.65]\'',S,TRUE
ONE,adult-male,0,1,'\'(15.65-inf)\'',C,FALSE
THREE,female,0,0,'\'(-inf-15.65]\'',Q,TRUE
ONE,female,1,0,'\'(15.65-inf)\'',S,TRUE
THREE,female,0,0,'\'(-inf-15.65]\'',S,FALSE
TWO,adult-male,0,0,'\'(-inf-15.65]\'',S,FALSE
THREE,child,4,1,'\'(-inf-15.65]\'',Q,FALSE
THREE,female,1,1,'\'(-inf-15.65]\'',S,TRUE
THREE,adult-male,0,0,'\'(-inf-15.65]\'',Q,FALSE
THREE,adult-male,0,0,'\'(-inf-15.65]\'',S,FALSE
THREE,adult-male,0,0,'\'(-inf-15.65]\'',S,FALSE
THREE,adult-male,0,0,'\'(-inf-15.65]\'',S,TRUE
ONE,adult-male,0,0,'\'(15.65-inf)\'',S,FALSE
THREE,adult-male,0,0,'\'(-inf-15.65]\'',C,FALSE
THREE,adult-male,0,0,'\'(-inf-15.65]\'',S,TRUE
THREE,adult-male,0,0,'\'(-inf-15.65]\'',S,FALSE
TWO,adult-male,0,0,'\'(-inf-15.65]\'',S,TRUE
THREE,female,0,0,'\'(-inf-15.65]\'',Q,TRUE
ONE,female,0,0,'\'(15.65-inf)\'',S,TRUE
ONE,female,1,0,'\'(15.65-inf)\'',C,TRUE
TWO,adult-male,0,0,'\'(-inf-15.65]\'',C,FALSE
THREE,female,0,0,'\'(-inf-15.65]\'',S,FALSE
THREE,adult-male,0,0,'\'(-inf-15.65]\'',S,FALSE
ONE,adult-male,0,0,'\'(15.65-inf)\'',C,FALSE
THREE,adult-male,0,0,'\'(-inf-15.65]\'',C,FALSE
ONE,child,1,2,'\'(15.65-inf)\'',S,FALSE
ONE,adult-male,0,0,'\'(15.65-inf)\'',S,TRUE
ONE,female,0,1,'\'(15.65-inf)\'',C,TRUE
THREE,female,0,0,'\'(-inf-15.65]\'',Q,TRUE
THREE,adult-male,2,0,'\'(-inf-15.65]\'',Q,TRUE
THREE,adult-male,0,0,'\'(-inf-15.65]\'',S,FALSE
TWO,female,0,0,'\'(-inf-15.65]\'',Q,TRUE
THREE,adult-male,0,0,'\'(-inf-15.65]\'',S,FALSE
ONE,newborn,1,2,'\'(15.65-inf)\'',S,TRUE
ONE,female,0,0,'\'(15.65-inf)\'',C,TRUE
ONE,female,1,0,'\'(15.65-inf)\'',C,TRUE
TWO,adult-male,1,0,'\'(-inf-15.65]\'',C,FALSE
ONE,female,0,0,'\'(15.65-inf)\'',C,TRUE
ONE,female,0,0,'\'(15.65-inf)\'',C,TRUE
ONE,female,2,2,'\'(15.65-inf)\'',C,TRUE
TWO,female,1,1,'\'(15.65-inf)\'',S,FALSE
THREE,adult-male,0,0,'\'(-inf-15.65]\'',S,FALSE
TWO,adult-male,1,1,'\'(-inf-15.65]\'',S,FALSE
THREE,female,0,0,'\'(-inf-15.65]\'',S,TRUE
TWO,female,1,0,'\'(-inf-15.65]\'',S,TRUE
TWO,adult-male,0,0,'\'(-inf-15.65]\'',S,FALSE
ONE,female,0,2,'\'(15.65-inf)\'',S,TRUE
ONE,female,1,1,'\'(15.65-inf)\'',C,TRUE
THREE,adult-male,0,0,'\'(-inf-15.65]\'',S,FALSE
THREE,adult-male,0,0,'\'(-inf-15.65]\'',S,FALSE
TWO,female,0,0,'\'(-inf-15.65]\'',Q,TRUE
TWO,female,1,1,'\'(-inf-15.65]\'',S,TRUE
THREE,adult-male,8,2,'\'(-inf-15.65]\'',S,FALSE
ONE,female,0,0,'\'(15.65-inf)\'',C,TRUE
THREE,adult-male,0,0,'\'(-inf-15.65]\'',S,FALSE
TWO,female,0,0,'\'(-inf-15.65]\'',S,TRUE
THREE,female,1,1,'\'(-inf-15.65]\'',S,TRUE
ONE,female,0,1,'\'(15.65-inf)\'',C,TRUE
THREE,female,2,0,'\'(-inf-15.65]\'',Q,TRUE
ONE,adult-male,0,0,'\'(15.65-inf)\'',S,FALSE
ONE,adult-male,0,1,'\'(15.65-inf)\'',S,FALSE
THREE,adult-male,2,0,'\'(-inf-15.65]\'',S,FALSE
ONE,female,1,0,'\'(15.65-inf)\'',S,TRUE
THREE,adult-male,0,0,'\'(-inf-15.65]\'',S,FALSE
ONE,adult-male,1,0,'\'(15.65-inf)\'',S,FALSE
ONE,female,0,0,'\'(15.65-inf)\'',C,TRUE
THREE,adult-male,0,0,'\'(-inf-15.65]\'',S,TRUE
ONE,adult-male,0,0,'\'(15.65-inf)\'',S,FALSE
TWO,child,1,1,'\'(-inf-15.65]\'',S,TRUE
ONE,female,3,2,'\'(15.65-inf)\'',S,TRUE
TWO,adult-male,0,0,'\'(-inf-15.65]\'',S,FALSE
TWO,adult-male,0,0,'\'(-inf-15.65]\'',S,FALSE
TWO,adult-male,0,0,'\'(-inf-15.65]\'',S,FALSE
TWO,female,0,0,'\'(-inf-15.65]\'',S,TRUE
TWO,female,0,0,'\'(-inf-15.65]\'',S,TRUE
THREE,female,1,0,'\'(15.65-inf)\'',S,TRUE
THREE,child,1,1,'\'(-inf-15.65]\'',S,TRUE
THREE,adult-male,0,0,'\'(-inf-15.65]\'',S,FALSE
THREE,adult-male,0,0,'\'(-inf-15.65]\'',S,FALSE
ONE,adult-male,0,0,'\'(15.65-inf)\'',S,FALSE
THREE,child,1,1,'\'(-inf-15.65]\'',C,FALSE
THREE,adult-male,1,0,'\'(-inf-15.65]\'',S,FALSE
THREE,adult-male,0,0,'\'(-inf-15.65]\'',C,FALSE
THREE,adult-male,0,0,'\'(-inf-15.65]\'',S,FALSE
ONE,female,0,1,'\'(15.65-inf)\'',S,TRUE
TWO,female,0,0,'\'(-inf-15.65]\'',S,FALSE
THREE,female,0,0,'\'(-inf-15.65]\'',Q,TRUE
THREE,female,0,0,'\'(-inf-15.65]\'',Q,TRUE
THREE,adult-male,1,4,'\'(-inf-15.65]\'',S,FALSE
TWO,adult-male,1,0,'\'(15.65-inf)\'',C,FALSE
THREE,female,0,1,'\'(-inf-15.65]\'',C,FALSE
THREE,adult-male,0,0,'\'(-inf-15.65]\'',S,FALSE
THREE,adult-male,1,0,'\'(-inf-15.65]\'',Q,FALSE
THREE,adult-male,0,0,'\'(-inf-15.65]\'',S,FALSE
ONE,female,1,0,'\'(15.65-inf)\'',C,TRUE
THREE,female,0,0,'\'(-inf-15.65]\'',C,TRUE
THREE,female,0,0,'\'(-inf-15.65]\'',Q,TRUE
ONE,female,0,0,'\'(15.65-inf)\'',C,TRUE
ONE,adult-male,1,0,'\'(15.65-inf)\'',C,TRUE
THREE,adult-male,1,0,'\'(-inf-15.65]\'',S,FALSE
THREE,adult-male,0,0,'\'(-inf-15.65]\'',S,FALSE
ONE,adult-male,0,0,'\'(15.65-inf)\'',C,FALSE
THREE,child,3,1,'\'(-inf-15.65]\'',S,FALSE
ONE,female,1,0,'\'(15.65-inf)\'',C,TRUE
THREE,female,0,0,'\'(-inf-15.65]\'',S,TRUE
ONE,adult-male,0,2,'\'(15.65-inf)\'',C,FALSE
THREE,adult-male,0,0,'\'(-inf-15.65]\'',C,FALSE
THREE,adult-male,0,0,'\'(-inf-15.65]\'',S,FALSE
ONE,female,0,0,'\'(15.65-inf)\'',C,TRUE
THREE,child,0,2,'\'(-inf-15.65]\'',C,TRUE
THREE,adult-male,0,0,'\'(-inf-15.65]\'',S,FALSE
ONE,female,1,0,'\'(15.65-inf)\'',S,TRUE
THREE,adult-male,0,0,'\'(-inf-15.65]\'',S,FALSE
TWO,adult-male,0,0,'\'(-inf-15.65]\'',S,FALSE
THREE,child,5,2,'\'(-inf-15.65]\'',S,FALSE
TWO,female,0,0,'\'(-inf-15.65]\'',S,TRUE
THREE,adult-male,0,0,'\'(-inf-15.65]\'',Q,FALSE
TWO,female,0,0,'\'(-inf-15.65]\'',C,TRUE
ONE,adult-male,1,2,'\'(15.65-inf)\'',S,TRUE
THREE,adult-male,0,0,'\'(-inf-15.65]\'',S,TRUE
THREE,adult-male,2,0,'\'(-inf-15.65]\'',S,FALSE
ONE,female,1,0,'\'(15.65-inf)\'',C,TRUE
THREE,female,0,2,'\'(-inf-15.65]\'',S,TRUE
THREE,adult-male,0,0,'\'(-inf-15.65]\'',S,FALSE
THREE,female,0,0,'\'(-inf-15.65]\'',S,FALSE
TWO,adult-male,0,0,'\'(-inf-15.65]\'',S,FALSE
TWO,adult-male,0,0,'\'(-inf-15.65]\'',S,FALSE
TWO,female,0,0,'\'(-inf-15.65]\'',S,TRUE
THREE,adult-male,0,0,'\'(-inf-15.65]\'',S,TRUE
THREE,adult-male,0,0,'\'(-inf-15.65]\'',S,FALSE
THREE,female,1,0,'\'(-inf-15.65]\'',S,FALSE
THREE,adult-male,1,0,'\'(-inf-15.65]\'',S,FALSE
THREE,female,0,0,'\'(-inf-15.65]\'',S,FALSE
TWO,adult-male,1,0,'\'(15.65-inf)\'',S,FALSE
THREE,adult-male,0,0,'\'(-inf-15.65]\'',S,FALSE
TWO,child,1,1,'\'(-inf-15.65]\'',S,TRUE
THREE,adult-male,0,0,'\'(-inf-15.65]\'',S,FALSE
THREE,female,3,1,'\'(-inf-15.65]\'',S,FALSE
THREE,adult-male,0,0,'\'(-inf-15.65]\'',S,FALSE
THREE,adult-male,0,0,'\'(-inf-15.65]\'',Q,FALSE
ONE,female,1,0,'\'(15.65-inf)\'',Q,TRUE
TWO,adult-male,0,0,'\'(-inf-15.65]\'',S,FALSE
THREE,adult-male,0,0,'\'(-inf-15.65]\'',S,TRUE
THREE,female,0,0,'\'(-inf-15.65]\'',S,FALSE
TWO,female,1,1,'\'(15.65-inf)\'',S,TRUE
TWO,female,0,2,'\'(-inf-15.65]\'',S,TRUE
TWO,adult-male,0,0,'\'(-inf-15.65]\'',S,FALSE
THREE,child,0,2,'\'(-inf-15.65]\'',S,FALSE
THREE,adult-male,0,0,'\'(-inf-15.65]\'',C,FALSE
THREE,adult-male,0,0,'\'(-inf-15.65]\'',Q,FALSE
THREE,adult-male,0,0,'\'(-inf-15.65]\'',S,FALSE
THREE,female,1,1,'\'(-inf-15.65]\'',S,FALSE
THREE,adult-male,1,1,'\'(-inf-15.65]\'',S,FALSE
THREE,adult-male,0,0,'\'(-inf-15.65]\'',S,FALSE
TWO,female,1,0,'\'(15.65-inf)\'',S,TRUE
TWO,female,0,0,'\'(-inf-15.65]\'',S,TRUE
THREE,adult-male,0,0,'\'(-inf-15.65]\'',Q,FALSE
THREE,adult-male,0,0,'\'(-inf-15.65]\'',S,TRUE
ONE,adult-male,0,0,'\'(15.65-inf)\'',S,TRUE
THREE,female,1,0,'\'(-inf-15.65]\'',S,TRUE
TWO,female,1,0,'\'(15.65-inf)\'',S,TRUE
THREE,adult-male,0,0,'\'(-inf-15.65]\'',S,FALSE
ONE,adult-male,1,0,'\'(15.65-inf)\'',S,FALSE
ONE,child,1,2,'\'(15.65-inf)\'',S,TRUE
THREE,female,2,2,'\'(-inf-15.65]\'',S,FALSE
TWO,female,2,3,'\'(-inf-15.65]\'',S,TRUE
ONE,adult-male,1,4,'\'(15.65-inf)\'',S,FALSE
TWO,adult-male,0,0,'\'(-inf-15.65]\'',S,FALSE
TWO,female,1,1,'\'(-inf-15.65]\'',S,TRUE
THREE,adult-male,0,0,'\'(-inf-15.65]\'',S,FALSE
THREE,adult-male,1,0,'\'(-inf-15.65]\'',S,FALSE
TWO,female,0,0,'\'(-inf-15.65]\'',S,TRUE
THREE,adult-male,0,0,'\'(-inf-15.65]\'',S,TRUE
ONE,child,0,2,'\'(15.65-inf)\'',S,TRUE
TWO,child,0,1,'\'(-inf-15.65]\'',S,TRUE
ONE,adult-male,0,0,'\'(15.65-inf)\'',S,TRUE
THREE,child,2,1,'\'(-inf-15.65]\'',C,TRUE
ONE,adult-male,0,0,'\'(15.65-inf)\'',S,TRUE
TWO,adult-male,1,2,'\'(-inf-15.65]\'',S,FALSE
THREE,adult-male,1,0,'\'(15.65-inf)\'',S,FALSE
ONE,adult-male,0,0,'\'(15.65-inf)\'',C,FALSE
ONE,adult-male,1,0,'\'(15.65-inf)\'',C,TRUE
THREE,adult-male,0,0,'\'(-inf-15.65]\'',S,FALSE
THREE,adult-male,0,0,'\'(-inf-15.65]\'',C,TRUE
ONE,adult-male,0,0,'\'(15.65-inf)\'',S,FALSE
ONE,female,1,0,'\'(15.65-inf)\'',S,TRUE
TWO,female,0,0,'\'(-inf-15.65]\'',S,TRUE
THREE,adult-male,0,0,'\'(-inf-15.65]\'',Q,FALSE
ONE,adult-male,0,0,'\'(15.65-inf)\'',S,TRUE
THREE,adult-male,0,0,'\'(-inf-15.65]\'',S,FALSE
ONE,adult-male,0,0,'\'(15.65-inf)\'',S,FALSE
TWO,adult-male,0,0,'\'(-inf-15.65]\'',S,FALSE
THREE,adult-male,0,0,'\'(-inf-15.65]\'',S,FALSE
THREE,adult-male,0,0,'\'(-inf-15.65]\'',S,FALSE
TWO,adult-male,0,0,'\'(-inf-15.65]\'',S,FALSE
ONE,adult-male,0,0,'\'(15.65-inf)\'',S,FALSE
THREE,adult-male,0,0,'\'(-inf-15.65]\'',Q,FALSE
THREE,newborn,2,1,'\'(-inf-15.65]\'',C,TRUE
THREE,adult-male,0,0,'\'(-inf-15.65]\'',S,FALSE
THREE,adult-male,0,0,'\'(-inf-15.65]\'',S,FALSE
TWO,female,1,2,'\'(-inf-15.65]\'',S,TRUE
TWO,female,0,0,'\'(-inf-15.65]\'',C,TRUE
THREE,female,0,0,'\'(-inf-15.65]\'',S,FALSE
ONE,adult-male,0,0,'\'(15.65-inf)\'',S,FALSE
TWO,adult-male,1,0,'\'(-inf-15.65]\'',S,FALSE
THREE,adult-male,1,0,'\'(-inf-15.65]\'',S,FALSE
THREE,adult-male,0,0,'\'(-inf-15.65]\'',S,FALSE
THREE,child,0,1,'\'(-inf-15.65]\'',S,TRUE
THREE,child,5,2,'\'(-inf-15.65]\'',S,FALSE
TWO,adult-male,0,0,'\'(-inf-15.65]\'',S,FALSE
THREE,adult-male,0,0,'\'(-inf-15.65]\'',S,FALSE
THREE,female,0,0,'\'(-inf-15.65]\'',S,TRUE
ONE,adult-male,1,0,'\'(15.65-inf)\'',C,TRUE
THREE,female,3,1,'\'(-inf-15.65]\'',S,FALSE
ONE,female,1,0,'\'(15.65-inf)\'',S,TRUE
ONE,adult-male,0,0,'\'(15.65-inf)\'',C,FALSE
THREE,adult-male,0,0,'\'(-inf-15.65]\'',S,FALSE
THREE,child,1,1,'\'(-inf-15.65]\'',S,TRUE
THREE,adult-male,1,0,'\'(15.65-inf)\'',S,FALSE
THREE,adult-male,0,0,'\'(-inf-15.65]\'',S,FALSE
ONE,adult-male,0,0,'\'(15.65-inf)\'',S,FALSE
ONE,adult-male,0,0,'\'(15.65-inf)\'',C,FALSE
THREE,adult-male,0,0,'\'(-inf-15.65]\'',S,FALSE
THREE,adult-male,0,0,'\'(-inf-15.65]\'',C,FALSE
ONE,female,1,0,'\'(15.65-inf)\'',C,TRUE
THREE,adult-male,0,0,'\'(-inf-15.65]\'',S,FALSE
ONE,female,1,2,'\'(15.65-inf)\'',S,FALSE
THREE,adult-male,0,0,'\'(-inf-15.65]\'',S,FALSE
THREE,adult-male,0,0,'\'(-inf-15.65]\'',S,FALSE
THREE,female,0,0,'\'(-inf-15.65]\'',Q,FALSE
THREE,female,0,0,'\'(-inf-15.65]\'',Q,FALSE
THREE,female,0,0,'\'(-inf-15.65]\'',S,FALSE
ONE,female,0,0,'\'(15.65-inf)\'',S,TRUE
ONE,adult-male,1,0,'\'(15.65-inf)\'',C,FALSE
TWO,female,0,2,'\'(-inf-15.65]\'',S,TRUE
ONE,adult-male,0,0,'\'(15.65-inf)\'',S,TRUE
THREE,adult-male,0,0,'\'(15.65-inf)\'',S,FALSE
THREE,adult-male,0,0,'\'(-inf-15.65]\'',S,TRUE
THREE,adult-male,0,0,'\'(-inf-15.65]\'',Q,TRUE
THREE,adult-male,0,0,'\'(-inf-15.65]\'',S,FALSE
ONE,adult-male,0,0,'\'(15.65-inf)\'',S,TRUE
ONE,female,1,0,'\'(15.65-inf)\'',C,TRUE
THREE,adult-male,0,0,'\'(-inf-15.65]\'',S,FALSE
ONE,adult-male,0,0,'\'(15.65-inf)\'',S,FALSE
TWO,female,0,0,'\'(-inf-15.65]\'',S,TRUE
THREE,adult-male,0,0,'\'(-inf-15.65]\'',Q,FALSE
TWO,female,1,0,'\'(15.65-inf)\'',S,TRUE
THREE,adult-male,0,0,'\'(-inf-15.65]\'',S,FALSE
ONE,female,0,0,'\'(15.65-inf)\'',S,TRUE
THREE,adult-male,0,0,'\'(-inf-15.65]\'',S,FALSE
THREE,adult-male,0,0,'\'(-inf-15.65]\'',C,FALSE
ONE,female,0,1,'\'(15.65-inf)\'',C,TRUE
THREE,adult-male,0,0,'\'(-inf-15.65]\'',C,FALSE
THREE,adult-male,0,0,'\'(-inf-15.65]\'',Q,FALSE
TWO,female,0,0,'\'(-inf-15.65]\'',S,TRUE
ONE,adult-male,0,0,'\'(15.65-inf)\'',S,FALSE
THREE,adult-male,0,0,'\'(-inf-15.65]\'',S,FALSE
TWO,adult-male,2,1,'\'(-inf-15.65]\'',S,FALSE
TWO,child,1,1,'\'(-inf-15.65]\'',S,TRUE
THREE,adult-male,0,0,'\'(-inf-15.65]\'',C,FALSE
THREE,adult-male,1,1,'\'(-inf-15.65]\'',C,FALSE
THREE,female,0,2,'\'(-inf-15.65]\'',C,TRUE
THREE,female,0,0,'\'(-inf-15.65]\'',S,FALSE
TWO,child,0,2,'\'(-inf-15.65]\'',S,TRUE
ONE,adult-male,0,0,'\'(15.65-inf)\'',S,FALSE
ONE,female,0,0,'\'(15.65-inf)\'',C,TRUE
THREE,adult-male,0,0,'\'(-inf-15.65]\'',S,FALSE
ONE,female,0,2,'\'(15.65-inf)\'',C,TRUE
ONE,female,0,2,'\'(15.65-inf)\'',S,TRUE
THREE,child,4,2,'\'(-inf-15.65]\'',S,FALSE
THREE,child,4,2,'\'(-inf-15.65]\'',S,FALSE
TWO,adult-male,1,0,'\'(-inf-15.65]\'',S,TRUE
ONE,adult-male,1,0,'\'(15.65-inf)\'',C,FALSE
ONE,adult-male,0,0,'\'(15.65-inf)\'',S,FALSE
TWO,female,1,0,'\'(-inf-15.65]\'',S,TRUE
TWO,adult-male,0,0,'\'(-inf-15.65]\'',C,TRUE
THREE,adult-male,1,1,'\'(-inf-15.65]\'',S,FALSE
TWO,child,1,1,'\'(15.65-inf)\'',S,TRUE
ONE,adult-male,0,2,'\'(15.65-inf)\'',C,TRUE
TWO,adult-male,0,0,'\'(15.65-inf)\'',S,FALSE
THREE,adult-male,0,0,'\'(-inf-15.65]\'',Q,FALSE
THREE,adult-male,0,0,'\'(-inf-15.65]\'',C,TRUE
THREE,female,0,0,'\'(-inf-15.65]\'',S,TRUE
ONE,adult-male,0,0,'\'(15.65-inf)\'',S,FALSE
ONE,female,1,0,'\'(15.65-inf)\'',C,TRUE
ONE,adult-male,0,0,'\'(15.65-inf)\'',C,FALSE
ONE,female,1,1,'\'(15.65-inf)\'',S,TRUE
THREE,female,1,0,'\'(15.65-inf)\'',S,TRUE
THREE,adult-male,0,0,'\'(-inf-15.65]\'',Q,FALSE
THREE,adult-male,0,0,'\'(-inf-15.65]\'',S,FALSE
TWO,adult-male,0,0,'\'(-inf-15.65]\'',S,FALSE
THREE,adult-male,0,0,'\'(-inf-15.65]\'',S,FALSE
THREE,female,0,0,'\'(-inf-15.65]\'',S,FALSE
THREE,adult-male,2,0,'\'(-inf-15.65]\'',S,FALSE
THREE,adult-male,0,0,'\'(-inf-15.65]\'',S,FALSE
THREE,female,0,4,'\'(-inf-15.65]\'',S,FALSE
THREE,adult-male,0,0,'\'(-inf-15.65]\'',C,FALSE
THREE,adult-male,0,0,'\'(-inf-15.65]\'',S,TRUE
TWO,adult-male,0,0,'\'(-inf-15.65]\'',S,TRUE
ONE,female,2,0,'\'(15.65-inf)\'',S,TRUE
ONE,adult-male,0,0,'\'(15.65-inf)\'',S,TRUE
THREE,female,0,0,'\'(-inf-15.65]\'',Q,TRUE
THREE,adult-male,0,0,'\'(-inf-15.65]\'',S,FALSE
THREE,adult-male,0,0,'\'(-inf-15.65]\'',S,FALSE
TWO,female,0,0,'\'(-inf-15.65]\'',S,TRUE
ONE,female,1,0,'\'(15.65-inf)\'',S,TRUE
THREE,female,1,0,'\'(-inf-15.65]\'',C,FALSE
THREE,adult-male,0,0,'\'(-inf-15.65]\'',S,TRUE
TWO,female,1,1,'\'(15.65-inf)\'',S,TRUE
ONE,female,1,1,'\'(15.65-inf)\'',C,TRUE
TWO,adult-male,0,0,'\'(-inf-15.65]\'',S,FALSE
ONE,adult-male,0,0,'\'(15.65-inf)\'',C,FALSE
THREE,adult-male,0,0,'\'(-inf-15.65]\'',C,FALSE
ONE,female,0,2,'\'(15.65-inf)\'',S,TRUE
TWO,adult-male,0,0,'\'(-inf-15.65]\'',S,FALSE
ONE,adult-male,1,1,'\'(15.65-inf)\'',C,TRUE
THREE,adult-male,0,0,'\'(-inf-15.65]\'',S,FALSE
THREE,adult-male,0,0,'\'(-inf-15.65]\'',S,FALSE
THREE,adult-male,0,0,'\'(-inf-15.65]\'',S,FALSE
ONE,female,1,0,'\'(15.65-inf)\'',C,TRUE
THREE,adult-male,0,0,'\'(-inf-15.65]\'',S,FALSE
THREE,female,0,2,'\'(-inf-15.65]\'',Q,FALSE
TWO,adult-male,1,0,'\'(15.65-inf)\'',S,FALSE
THREE,adult-male,1,1,'\'(-inf-15.65]\'',S,FALSE
TWO,female,0,0,'\'(-inf-15.65]\'',S,TRUE
THREE,adult-male,0,0,'\'(-inf-15.65]\'',S,FALSE
THREE,adult-male,0,0,'\'(-inf-15.65]\'',C,FALSE
ONE,adult-male,1,0,'\'(15.65-inf)\'',C,TRUE
TWO,female,2,1,'\'(-inf-15.65]\'',S,TRUE
THREE,adult-male,0,0,'\'(-inf-15.65]\'',S,FALSE
ONE,adult-male,0,0,'\'(15.65-inf)\'',S,FALSE
THREE,adult-male,0,0,'\'(-inf-15.65]\'',S,FALSE
ONE,adult-male,0,0,'\'(15.65-inf)\'',C,TRUE
THREE,adult-male,1,0,'\'(-inf-15.65]\'',S,FALSE
THREE,adult-male,0,0,'\'(-inf-15.65]\'',S,FALSE
ONE,adult-male,0,0,'\'(15.65-inf)\'',S,TRUE
TWO,female,1,2,'\'(-inf-15.65]\'',C,TRUE
ONE,female,0,0,'\'(15.65-inf)\'',S,TRUE
THREE,female,1,5,'\'(-inf-15.65]\'',S,FALSE
THREE,adult-male,0,0,'\'(-inf-15.65]\'',S,FALSE
THREE,female,1,0,'\'(-inf-15.65]\'',Q,TRUE
THREE,adult-male,0,0,'\'(-inf-15.65]\'',Q,FALSE
THREE,adult-male,0,0,'\'(-inf-15.65]\'',S,FALSE
TWO,female,1,2,'\'(15.65-inf)\'',S,TRUE
THREE,adult-male,1,1,'\'(-inf-15.65]\'',S,FALSE
THREE,female,1,0,'\'(-inf-15.65]\'',S,FALSE
TWO,child,2,1,'\'(15.65-inf)\'',S,TRUE
TWO,adult-male,0,0,'\'(-inf-15.65]\'',S,FALSE
THREE,adult-male,1,0,'\'(-inf-15.65]\'',C,FALSE
ONE,adult-male,1,0,'\'(15.65-inf)\'',S,TRUE
THREE,adult-male,1,1,'\'(-inf-15.65]\'',C,TRUE
THREE,adult-male,0,0,'\'(-inf-15.65]\'',S,FALSE
THREE,adult-male,0,0,'\'(-inf-15.65]\'',S,FALSE
ONE,adult-male,0,0,'\'(15.65-inf)\'',S,FALSE
TWO,adult-male,0,0,'\'(-inf-15.65]\'',Q,FALSE
ONE,female,0,0,'\'(15.65-inf)\'',S,TRUE
THREE,adult-male,0,0,'\'(-inf-15.65]\'',S,FALSE
THREE,adult-male,0,0,'\'(-inf-15.65]\'',Q,FALSE
ONE,adult-male,0,0,'\'(15.65-inf)\'',S,TRUE
THREE,adult-male,0,0,'\'(-inf-15.65]\'',S,FALSE
ONE,adult-male,0,0,'\'(15.65-inf)\'',C,TRUE
ONE,adult-male,0,0,'\'(-inf-15.65]\'',S,FALSE
THREE,child,3,2,'\'(-inf-15.65]\'',S,FALSE
TWO,female,0,0,'\'(-inf-15.65]\'',S,TRUE
THREE,adult-male,0,0,'\'(-inf-15.65]\'',S,FALSE
TWO,adult-male,1,1,'\'(-inf-15.65]\'',S,FALSE
THREE,female,0,5,'\'(-inf-15.65]\'',S,FALSE
THREE,adult-male,1,0,'\'(-inf-15.65]\'',S,FALSE
THREE,adult-male,0,0,'\'(-inf-15.65]\'',S,FALSE
ONE,female,0,0,'\'(15.65-inf)\'',C,TRUE
THREE,child,3,2,'\'(-inf-15.65]\'',S,FALSE
THREE,adult-male,0,0,'\'(-inf-15.65]\'',S,TRUE
THREE,newborn,2,1,'\'(-inf-15.65]\'',C,TRUE
ONE,adult-male,1,0,'\'(15.65-inf)\'',C,TRUE
THREE,adult-male,0,0,'\'(-inf-15.65]\'',S,FALSE
ONE,adult-male,0,0,'\'(15.65-inf)\'',C,TRUE
THREE,adult-male,0,0,'\'(-inf-15.65]\'',S,FALSE
THREE,female,0,0,'\'(-inf-15.65]\'',S,TRUE
THREE,adult-male,0,0,'\'(-inf-15.65]\'',S,FALSE
TWO,female,0,1,'\'(-inf-15.65]\'',S,TRUE
THREE,adult-male,0,0,'\'(-inf-15.65]\'',S,FALSE
THREE,female,0,0,'\'(-inf-15.65]\'',Q,TRUE
THREE,female,0,0,'\'(-inf-15.65]\'',Q,FALSE
TWO,adult-male,2,0,'\'(-inf-15.65]\'',S,FALSE
THREE,adult-male,0,0,'\'(-inf-15.65]\'',S,FALSE
THREE,female,1,1,'\'(-inf-15.65]\'',Q,FALSE
TWO,adult-male,0,0,'\'(-inf-15.65]\'',S,FALSE
ONE,adult-male,0,2,'\'(15.65-inf)\'',C,FALSE
ONE,adult-male,2,0,'\'(15.65-inf)\'',S,TRUE
THREE,adult-male,0,0,'\'(-inf-15.65]\'',C,FALSE
ONE,adult-male,0,0,'\'(15.65-inf)\'',S,FALSE
THREE,adult-male,0,0,'\'(-inf-15.65]\'',S,FALSE
THREE,adult-male,1,0,'\'(-inf-15.65]\'',S,TRUE
TWO,adult-male,2,0,'\'(-inf-15.65]\'',S,FALSE
TWO,adult-male,0,0,'\'(-inf-15.65]\'',S,FALSE
THREE,adult-male,0,0,'\'(-inf-15.65]\'',S,FALSE
THREE,adult-male,0,0,'\'(-inf-15.65]\'',S,FALSE
ONE,female,1,0,'\'(15.65-inf)\'',S,TRUE
TWO,female,1,1,'\'(15.65-inf)\'',S,TRUE
ONE,adult-male,1,0,'\'(15.65-inf)\'',S,FALSE
TWO,adult-male,0,0,'\'(-inf-15.65]\'',S,FALSE
TWO,adult-male,0,0,'\'(-inf-15.65]\'',S,TRUE
TWO,adult-male,0,0,'\'(-inf-15.65]\'',S,FALSE
THREE,adult-male,0,0,'\'(-inf-15.65]\'',S,FALSE
THREE,adult-male,0,0,'\'(-inf-15.65]\'',S,FALSE
THREE,female,0,0,'\'(-inf-15.65]\'',S,TRUE
THREE,female,1,6,'\'(-inf-15.65]\'',S,FALSE
ONE,adult-male,0,1,'\'(15.65-inf)\'',C,TRUE
THREE,female,0,0,'\'(-inf-15.65]\'',Q,FALSE
ONE,adult-male,0,0,'\'(15.65-inf)\'',C,TRUE
THREE,adult-male,0,0,'\'(-inf-15.65]\'',S,FALSE
THREE,child,5,2,'\'(-inf-15.65]\'',S,FALSE
TWO,adult-male,1,1,'\'(15.65-inf)\'',S,FALSE
TWO,adult-male,1,2,'\'(-inf-15.65]\'',C,FALSE
THREE,child,4,1,'\'(-inf-15.65]\'',S,FALSE
THREE,adult-male,0,0,'\'(-inf-15.65]\'',S,FALSE
THREE,adult-male,0,0,'\'(-inf-15.65]\'',S,FALSE
ONE,child,0,1,'\'(15.65-inf)\'',S,TRUE
ONE,adult-male,1,0,'\'(15.65-inf)\'',S,TRUE
THREE,child,0,1,'\'(-inf-15.65]\'',C,TRUE
THREE,adult-male,0,0,'\'(-inf-15.65]\'',S,TRUE
THREE,adult-male,0,0,'\'(-inf-15.65]\'',C,FALSE
ONE,adult-male,0,0,'\'(15.65-inf)\'',S,FALSE
TWO,adult-male,0,0,'\'(-inf-15.65]\'',S,FALSE
THREE,adult-male,0,0,'\'(-inf-15.65]\'',S,FALSE
THREE,female,0,0,'\'(-inf-15.65]\'',Q,TRUE
ONE,adult-male,1,1,'\'(15.65-inf)\'',C,FALSE
THREE,adult-male,0,0,'\'(-inf-15.65]\'',S,FALSE
ONE,female,1,0,'\'(15.65-inf)\'',C,TRUE
ONE,adult-male,0,0,'\'(15.65-inf)\'',S,TRUE
THREE,female,0,1,'\'(-inf-15.65]\'',C,FALSE
THREE,adult-male,0,0,'\'(-inf-15.65]\'',Q,FALSE
THREE,adult-male,1,0,'\'(-inf-15.65]\'',S,FALSE
TWO,adult-male,0,0,'\'(-inf-15.65]\'',S,FALSE
TWO,female,0,0,'\'(-inf-15.65]\'',S,TRUE
ONE,adult-male,0,0,'\'(15.65-inf)\'',S,TRUE
ONE,female,0,0,'\'(15.65-inf)\'',S,TRUE
THREE,child,1,1,'\'(-inf-15.65]\'',C,TRUE
ONE,female,0,0,'\'(15.65-inf)\'',C,TRUE
ONE,adult-male,0,0,'\'(15.65-inf)\'',S,FALSE
ONE,adult-male,1,0,'\'(15.65-inf)\'',S,TRUE
THREE,adult-male,0,0,'\'(-inf-15.65]\'',S,FALSE
TWO,adult-male,0,0,'\'(-inf-15.65]\'',S,FALSE
THREE,adult-male,0,0,'\'(-inf-15.65]\'',S,FALSE
ONE,female,0,0,'\'(15.65-inf)\'',C,TRUE
TWO,female,0,0,'\'(-inf-15.65]\'',S,TRUE
THREE,adult-male,0,0,'\'(-inf-15.65]\'',Q,FALSE
THREE,adult-male,0,0,'\'(-inf-15.65]\'',S,FALSE
TWO,child,0,1,'\'(-inf-15.65]\'',S,TRUE
THREE,adult-male,1,0,'\'(-inf-15.65]\'',S,FALSE
TWO,adult-male,0,0,'\'(-inf-15.65]\'',S,FALSE
TWO,adult-male,0,0,'\'(-inf-15.65]\'',S,FALSE
ONE,adult-male,1,0,'\'(15.65-inf)\'',S,TRUE
THREE,adult-male,0,0,'\'(-inf-15.65]\'',S,FALSE
TWO,female,3,0,'\'(-inf-15.65]\'',S,TRUE
THREE,female,0,0,'\'(-inf-15.65]\'',Q,TRUE
TWO,adult-male,1,0,'\'(15.65-inf)\'',S,FALSE
THREE,female,1,0,'\'(-inf-15.65]\'',S,FALSE
ONE,female,0,0,'\'(15.65-inf)\'',S,TRUE
THREE,child,0,0,'\'(-inf-15.65]\'',C,FALSE
TWO,adult-male,0,0,'\'(-inf-15.65]\'',S,FALSE
TWO,adult-male,0,0,'\'(-inf-15.65]\'',S,FALSE
TWO,adult-male,0,0,'\'(-inf-15.65]\'',S,FALSE
THREE,adult-male,0,0,'\'(-inf-15.65]\'',S,FALSE
THREE,female,1,3,'\'(-inf-15.65]\'',S,FALSE
ONE,adult-male,0,0,'\'(15.65-inf)\'',C,TRUE
THREE,adult-male,0,0,'\'(-inf-15.65]\'',S,FALSE
THREE,adult-male,0,0,'\'(-inf-15.65]\'',S,FALSE
ONE,adult-male,0,0,'\'(15.65-inf)\'',S,TRUE
ONE,adult-male,1,0,'\'(15.65-inf)\'',S,FALSE
ONE,female,2,2,'\'(15.65-inf)\'',C,TRUE
THREE,adult-male,1,0,'\'(15.65-inf)\'',S,FALSE
THREE,adult-male,0,0,'\'(-inf-15.65]\'',S,TRUE
ONE,adult-male,1,1,'\'(15.65-inf)\'',S,FALSE
THREE,adult-male,1,1,'\'(-inf-15.65]\'',S,FALSE
TWO,female,0,0,'\'(-inf-15.65]\'',S,TRUE
ONE,adult-male,1,0,'\'(15.65-inf)\'',S,FALSE
THREE,adult-male,0,0,'\'(-inf-15.65]\'',Q,FALSE
TWO,child,1,1,'\'(15.65-inf)\'',S,TRUE
THREE,child,0,1,'\'(-inf-15.65]\'',S,TRUE
THREE,adult-male,0,0,'\'(-inf-15.65]\'',S,FALSE
THREE,adult-male,0,0,'\'(-inf-15.65]\'',S,FALSE
TWO,female,1,2,'\'(15.65-inf)\'',S,TRUE
TWO,newborn,1,1,'\'(-inf-15.65]\'',S,TRUE
THREE,adult-male,0,0,'\'(-inf-15.65]\'',S,FALSE
TWO,adult-male,0,0,'\'(-inf-15.65]\'',S,FALSE
THREE,adult-male,0,0,'\'(-inf-15.65]\'',S,FALSE
ONE,female,0,0,'\'(15.65-inf)\'',S,TRUE
THREE,adult-male,0,0,'\'(-inf-15.65]\'',S,FALSE
THREE,adult-male,0,0,'\'(-inf-15.65]\'',S,FALSE
THREE,adult-male,0,0,'\'(-inf-15.65]\'',C,TRUE
ONE,female,1,2,'\'(15.65-inf)\'',S,TRUE
THREE,adult-male,0,0,'\'(-inf-15.65]\'',S,FALSE
ONE,female,1,0,'\'(15.65-inf)\'',S,TRUE
ONE,adult-male,0,0,'\'(15.65-inf)\'',C,FALSE
THREE,female,0,0,'\'(-inf-15.65]\'',Q,FALSE
THREE,adult-male,1,0,'\'(-inf-15.65]\'',Q,FALSE
THREE,adult-male,0,0,'\'(-inf-15.65]\'',S,FALSE
THREE,adult-male,0,0,'\'(-inf-15.65]\'',S,FALSE
THREE,adult-male,0,0,'\'(-inf-15.65]\'',S,FALSE
TWO,female,0,0,'\'(-inf-15.65]\'',S,FALSE
THREE,adult-male,0,0,'\'(-inf-15.65]\'',C,FALSE
TWO,female,1,3,'\'(15.65-inf)\'',S,TRUE
THREE,adult-male,0,0,'\'(-inf-15.65]\'',S,FALSE
THREE,adult-male,0,0,'\'(-inf-15.65]\'',Q,FALSE
THREE,child,0,0,'\'(-inf-15.65]\'',S,TRUE
THREE,adult-male,0,0,'\'(-inf-15.65]\'',Q,FALSE
ONE,female,0,1,'\'(15.65-inf)\'',S,TRUE
THREE,child,0,0,'\'(-inf-15.65]\'',C,TRUE
ONE,female,1,0,'\'(15.65-inf)\'',S,TRUE
ONE,adult-male,0,0,'\'(15.65-inf)\'',S,FALSE
THREE,adult-male,1,2,'\'(-inf-15.65]\'',S,FALSE
THREE,adult-male,0,0,'\'(-inf-15.65]\'',S,FALSE
THREE,adult-male,0,0,'\'(-inf-15.65]\'',S,FALSE
THREE,female,0,0,'\'(-inf-15.65]\'',S,TRUE
THREE,child,4,1,'\'(-inf-15.65]\'',Q,FALSE
THREE,child,1,2,'\'(-inf-15.65]\'',S,TRUE
ONE,adult-male,0,0,'\'(15.65-inf)\'',C,FALSE
THREE,adult-male,0,0,'\'(-inf-15.65]\'',Q,FALSE
TWO,adult-male,0,0,'\'(-inf-15.65]\'',S,FALSE
THREE,female,8,2,'\'(-inf-15.65]\'',S,FALSE
ONE,adult-male,0,0,'\'(15.65-inf)\'',C,FALSE
THREE,adult-male,0,0,'\'(-inf-15.65]\'',S,FALSE
TWO,adult-male,0,0,'\'(-inf-15.65]\'',S,FALSE
ONE,female,0,0,'\'(15.65-inf)\'',S,TRUE
THREE,female,0,0,'\'(-inf-15.65]\'',S,TRUE
THREE,adult-male,0,0,'\'(-inf-15.65]\'',C,FALSE
THREE,female,1,1,'\'(-inf-15.65]\'',S,FALSE
TWO,adult-male,0,0,'\'(-inf-15.65]\'',S,FALSE
TWO,female,1,1,'\'(-inf-15.65]\'',S,TRUE
ONE,child,1,2,'\'(15.65-inf)\'',S,TRUE
THREE,newborn,0,1,'\'(-inf-15.65]\'',C,TRUE
THREE,adult-male,0,0,'\'(-inf-15.65]\'',S,TRUE
THREE,adult-male,0,0,'\'(-inf-15.65]\'',S,FALSE
ONE,adult-male,0,0,'\'(-inf-15.65]\'',S,FALSE
THREE,female,0,0,'\'(-inf-15.65]\'',S,FALSE
TWO,adult-male,0,0,'\'(-inf-15.65]\'',S,FALSE
ONE,female,1,0,'\'(15.65-inf)\'',S,TRUE
THREE,adult-male,0,0,'\'(-inf-15.65]\'',S,FALSE
THREE,adult-male,0,0,'\'(-inf-15.65]\'',S,FALSE
TWO,adult-male,0,0,'\'(-inf-15.65]\'',S,FALSE
THREE,child,4,2,'\'(-inf-15.65]\'',S,FALSE
THREE,adult-male,0,0,'\'(-inf-15.65]\'',S,FALSE
ONE,adult-male,0,0,'\'(-inf-15.65]\'',S,FALSE
THREE,female,0,0,'\'(-inf-15.65]\'',S,FALSE
TWO,adult-male,1,1,'\'(15.65-inf)\'',C,FALSE
THREE,adult-male,0,0,'\'(-inf-15.65]\'',S,FALSE
THREE,child,3,2,'\'(-inf-15.65]\'',S,FALSE
ONE,female,1,1,'\'(15.65-inf)\'',S,TRUE
THREE,adult-male,0,0,'\'(-inf-15.65]\'',S,TRUE
ONE,adult-male,0,0,'\'(-inf-15.65]\'',S,FALSE
THREE,female,0,1,'\'(-inf-15.65]\'',S,TRUE
THREE,child,4,1,'\'(-inf-15.65]\'',S,FALSE
THREE,adult-male,0,0,'\'(-inf-15.65]\'',Q,FALSE
THREE,adult-male,0,0,'\'(-inf-15.65]\'',S,FALSE
TWO,child,0,2,'\'(15.65-inf)\'',C,TRUE
THREE,adult-male,0,0,'\'(-inf-15.65]\'',Q,TRUE
ONE,female,0,0,'\'(15.65-inf)\'',,TRUE
THREE,child,1,0,'\'(-inf-15.65]\'',C,TRUE
TWO,newborn,1,1,'\'(-inf-15.65]\'',S,TRUE
THREE,adult-male,0,0,'\'(-inf-15.65]\'',C,FALSE
THREE,adult-male,0,0,'\'(-inf-15.65]\'',S,FALSE
THREE,adult-male,0,0,'\'(-inf-15.65]\'',S,FALSE
ONE,female,1,1,'\'(15.65-inf)\'',C,TRUE
THREE,adult-male,0,0,'\'(-inf-15.65]\'',S,FALSE
THREE,adult-male,0,0,'\'(-inf-15.65]\'',S,FALSE
THREE,adult-male,0,0,'\'(-inf-15.65]\'',S,TRUE
ONE,adult-male,0,0,'\'(15.65-inf)\'',C,TRUE
THREE,adult-male,0,0,'\'(-inf-15.65]\'',S,FALSE
TWO,adult-male,0,0,'\'(-inf-15.65]\'',S,FALSE
ONE,female,0,0,'\'(-inf-15.65]\'',C,TRUE
THREE,adult-male,0,0,'\'(-inf-15.65]\'',C,FALSE
THREE,adult-male,0,0,'\'(-inf-15.65]\'',S,FALSE
THREE,adult-male,0,0,'\'(-inf-15.65]\'',S,FALSE
THREE,adult-male,8,2,'\'(-inf-15.65]\'',S,FALSE
THREE,adult-male,0,0,'\'(-inf-15.65]\'',C,FALSE
TWO,adult-male,0,1,'\'(-inf-15.65]\'',S,FALSE
ONE,female,1,0,'\'(15.65-inf)\'',C,TRUE
THREE,child,4,2,'\'(-inf-15.65]\'',S,FALSE
THREE,adult-male,0,0,'\'(-inf-15.65]\'',S,FALSE
THREE,child,1,1,'\'(-inf-15.65]\'',C,FALSE
ONE,female,0,1,'\'(15.65-inf)\'',S,TRUE
TWO,female,1,0,'\'(-inf-15.65]\'',S,FALSE
THREE,female,0,1,'\'(-inf-15.65]\'',S,TRUE
ONE,female,1,1,'\'(15.65-inf)\'',S,TRUE
ONE,adult-male,0,0,'\'(15.65-inf)\'',S,TRUE
THREE,female,0,3,'\'(-inf-15.65]\'',C,TRUE
THREE,adult-male,0,0,'\'(-inf-15.65]\'',C,FALSE
THREE,adult-male,2,0,'\'(-inf-15.65]\'',S,FALSE
TWO,adult-male,1,0,'\'(-inf-15.65]\'',S,FALSE
ONE,female,0,0,'\'(15.65-inf)\'',S,TRUE
THREE,female,8,2,'\'(-inf-15.65]\'',S,FALSE
TWO,adult-male,0,0,'\'(-inf-15.65]\'',S,FALSE
TWO,female,0,0,'\'(-inf-15.65]\'',S,TRUE
TWO,female,1,0,'\'(-inf-15.65]\'',C,TRUE
ONE,adult-male,0,0,'\'(15.65-inf)\'',S,FALSE
THREE,adult-male,0,0,'\'(-inf-15.65]\'',S,FALSE
THREE,child,1,1,'\'(-inf-15.65]\'',S,TRUE
THREE,adult-male,0,0,'\'(-inf-15.65]\'',S,FALSE
ONE,female,1,1,'\'(15.65-inf)\'',S,TRUE
ONE,adult-male,0,0,'\'(-inf-15.65]\'',S,FALSE
THREE,adult-male,0,0,'\'(-inf-15.65]\'',S,FALSE
TWO,female,1,0,'\'(-inf-15.65]\'',C,TRUE
THREE,child,0,0,'\'(-inf-15.65]\'',C,TRUE
THREE,adult-male,0,0,'\'(-inf-15.65]\'',S,FALSE
THREE,adult-male,0,0,'\'(-inf-15.65]\'',S,FALSE
THREE,adult-male,0,0,'\'(-inf-15.65]\'',S,FALSE
ONE,female,0,1,'\'(15.65-inf)\'',C,TRUE
TWO,female,0,1,'\'(-inf-15.65]\'',S,TRUE
THREE,adult-male,0,0,'\'(-inf-15.65]\'',S,FALSE
THREE,female,0,0,'\'(-inf-15.65]\'',S,FALSE
TWO,adult-male,0,0,'\'(-inf-15.65]\'',S,FALSE
THREE,adult-male,0,0,'\'(-inf-15.65]\'',S,FALSE
THREE,female,0,5,'\'(-inf-15.65]\'',Q,FALSE
TWO,adult-male,0,0,'\'(-inf-15.65]\'',S,FALSE
ONE,female,0,0,'\'(15.65-inf)\'',S,TRUE
THREE,female,1,2,'\'(-inf-15.65]\'',S,FALSE
ONE,adult-male,0,0,'\'(15.65-inf)\'',C,TRUE
THREE,adult-male,0,0,'\'(-inf-15.65]\'',Q,FALSE
